Date,Actual_Price,Predicted_Price,Lower_Bound,Upper_Bound
2023-09-22,26837.27185,27035.086,11915.44,42154.73
2023-09-23,26727.68895,26837.418,11717.772,41957.062
2023-09-24,26499.81368,26735.613,11615.968,41855.258
2023-09-25,26506.15722,26529.656,11410.011,41649.3
2023-09-26,26744.57526,26531.797,11412.151,41651.44
2023-09-27,26756.39825,26737.443,11617.798,41857.09
2023-09-28,26632.2017,26741.3,11621.655,41860.945
2023-09-29,27069.8254,26626.51,11506.864,41746.156
2023-09-30,27137.07339,27039.213,11919.567,42158.86
2023-10-01,17903.6641,27107.432,11987.786,42227.08
2023-10-02,23068.39799,18545.393,3425.747,33665.04
2023-10-03,24652.00981,23321.246,8201.601,38440.89
2023-10-04,28684.88814,24594.113,9474.468,39713.758
2023-10-05,28894.04043,28261.537,13141.892,43381.184
2023-10-06,28141.83071,28321.742,13202.097,43441.387
2023-10-07,30178.75033,27896.697,12777.052,43016.344
2023-10-08,28450.10659,29853.893,14734.247,44973.54
2023-10-09,26032.71548,28489.984,13370.339,43609.63
2023-10-10,28951.49507,26262.547,11142.901,41382.19
2023-10-11,35345.3017,28935.22,13815.575,44054.867
2023-10-12,38860.40821,34725.734,19606.09,49845.38
2023-10-13,29683.38642,37836.6,22716.957,52956.246
2023-10-14,29566.22901,29726.926,14607.28,44846.57
2023-10-15,30089.06297,29918.309,14798.663,45037.953
2023-10-16,30334.07855,30436.992,15317.347,45556.637
2023-10-17,30324.73341,30528.215,15408.569,45647.86
2023-10-18,30848.41569,30239.475,15119.829,45359.12
2023-10-19,31474.68808,30761.238,15641.593,45880.883
2023-10-20,31450.19699,31389.59,16269.944,46509.234
2023-10-21,31554.49433,31386.629,16266.983,46506.273
2023-10-22,31951.23145,31507.814,16388.168,46627.46
2023-10-23,32244.11601,31904.002,16784.355,47023.65
2023-10-24,32647.90551,32194.98,17075.336,47314.625
2023-10-25,33015.74045,32578.281,17458.637,47697.926
2023-10-26,33440.54246,32938.105,17818.46,48057.75
2023-10-27,33169.22879,33360.77,18241.125,48480.414
2023-10-28,33251.22276,33134.816,18015.172,48254.46
2023-10-29,32952.3692,33238.19,18118.547,48357.836
2023-10-30,33460.09252,32972.24,17852.594,48091.883
2023-10-31,33536.11763,33448.34,18328.695,48567.984
2023-11-01,17911.97071,33504.633,18384.988,48624.277
2023-11-02,22987.14761,19011.688,3892.042,34131.332
2023-11-03,24868.62832,23685.232,8565.587,38804.88
2023-11-04,28551.44884,25081.09,9961.444,40200.734
2023-11-05,28700.13357,28279.816,13160.171,43399.46
2023-11-06,28415.33179,28528.984,13409.339,43648.63
2023-11-07,30017.8986,28118.834,12999.188,43238.48
2023-11-08,28248.51819,29729.764,14610.118,44849.41
2023-11-09,26343.7266,28300.477,13180.831,43420.12
2023-11-10,28794.5469,26547.186,11427.54,41666.832
2023-11-11,35614.44925,28790.691,13671.046,43910.336
2023-11-12,38897.06622,34961.465,19841.82,50081.11
2023-11-13,35547.79805,37854.26,22734.617,52973.906
2023-11-14,35896.45547,35182.883,20063.238,50302.527
2023-11-15,35785.18289,35811.145,20691.5,50930.79
2023-11-16,35628.49484,35891.76,20772.117,51011.406
2023-11-17,35513.27518,35743.355,20623.71,50863.0
2023-11-18,36137.43486,35515.867,20396.223,50635.51
2023-11-19,36175.84192,36100.81,20981.164,51220.453
2023-11-20,36275.19249,36136.65,21017.004,51256.293
2023-11-21,36318.62276,36236.56,21116.914,51356.203
2023-11-22,36680.21787,36289.58,21169.934,51409.223
2023-11-23,36795.82379,36647.176,21527.531,51766.82
2023-11-24,36401.02247,36758.02,21638.375,51877.664
2023-11-25,36583.04209,36402.69,21283.047,51522.336
2023-11-26,37118.3603,36582.266,21462.621,51701.91
2023-11-27,37507.54891,37082.426,21962.781,52202.07
2023-11-28,37759.97001,37442.637,22322.992,52562.28
2023-11-29,37351.52923,37682.445,22562.8,52802.09
2023-11-30,37027.12799,37331.707,22212.062,52451.35
2023-12-01,18439.53208,37060.11,21940.465,52179.754
2023-12-02,22924.55345,19812.354,4692.708,34932.0
2023-12-03,24595.34838,23912.418,8792.772,39032.062
2023-12-04,28501.00484,25001.137,9881.491,40120.78
2023-12-05,29192.32569,28425.41,13305.765,43545.055
2023-12-06,28400.98859,29248.318,14128.673,44367.965
2023-12-07,30382.88046,28115.709,12996.063,43235.355
2023-12-08,28096.91123,30041.846,14922.2,45161.492
2023-12-09,26227.26404,28171.066,13051.421,43290.71
2023-12-10,29201.34905,26462.21,11342.565,41581.855
2023-12-11,35421.4912,29170.465,14050.819,44290.11
2023-12-12,38915.40737,34814.145,19694.5,49933.79
2023-12-13,39209.62252,37884.633,22764.988,53004.277
2023-12-14,39456.60633,38319.06,23199.414,53438.703
2023-12-15,39382.03192,38835.23,23715.586,53954.875
2023-12-16,39814.31963,39275.44,24155.797,54395.086
2023-12-17,39696.83156,39806.668,24687.023,54926.312
2023-12-18,39580.37362,39681.996,24562.352,54801.64
2023-12-19,39929.83854,39578.934,24459.29,54698.58
2023-12-20,40257.27935,39906.0,24786.355,55025.645
2023-12-21,40343.70872,40217.26,25097.617,55336.906
2023-12-22,40736.16069,40299.664,25180.02,55419.31
2023-12-23,40841.64053,40675.832,25556.188,55795.477
2023-12-24,41246.29498,40794.88,25675.234,55914.523
2023-12-25,41294.56666,41190.7,26071.055,56310.344
2023-12-26,42165.93806,41248.324,26128.68,56367.97
2023-12-27,41574.74332,42079.395,26959.75,57199.04
2023-12-28,41929.73063,41544.707,26425.062,56664.35
2023-12-29,41789.35704,41905.01,26785.367,57024.656
2023-12-30,41917.88385,41780.465,26660.82,56900.11
2023-12-31,41717.63451,41918.363,26798.719,57038.008
2024-01-01,41960.38,41717.45,26597.805,56837.094
2024-01-02,42356.63412,41951.926,26832.281,57071.57
2024-01-03,60582.22167,42314.754,27195.11,57434.4
2024-01-04,70842.81303,58324.28,43204.637,73443.93
2024-01-05,61267.24948,66914.49,51794.848,82034.14
2024-01-06,67451.71193,60139.996,45020.35,75259.64
2024-01-07,63209.09041,65605.61,50485.965,80725.26
2024-01-08,64752.98998,63087.51,47967.867,78207.16
2024-01-09,58218.34332,64980.605,49860.96,80100.25
2024-01-10,62631.66553,58597.27,43477.625,73716.914
2024-01-11,70816.20912,62799.01,47679.367,77918.66
2024-01-12,95671.86216,70166.68,55047.035,85286.33
2024-01-13,42076.15153,91766.25,76646.6,106885.9
2024-01-14,42165.64636,43702.766,28583.121,58822.41
2024-01-15,42046.3363,44574.605,29454.96,59694.25
2024-01-16,42405.05512,43949.348,28829.703,59068.992
2024-01-17,42471.67715,46183.91,31064.266,61303.555
2024-01-18,42466.89321,42009.637,26889.992,57129.28
2024-01-19,42459.96161,42752.027,27632.383,57871.67
2024-01-20,42650.48226,42446.44,27326.797,57566.086
2024-01-21,42162.54962,42634.996,27515.352,57754.64
2024-01-22,41844.81777,42183.39,27063.746,57303.035
2024-01-23,42395.81136,41890.332,26770.688,57009.977
2024-01-24,42720.77133,42392.87,27273.227,57512.516
2024-01-25,42259.02325,42682.746,27563.102,57802.39
2024-01-26,42721.17422,42246.87,27127.227,57366.516
2024-01-27,42600.40012,42686.883,27567.238,57806.527
2024-01-28,42768.1432,42590.145,27470.5,57709.79
2024-01-29,42565.62813,42754.715,27635.07,57874.36
2024-01-30,42211.68431,42558.836,27439.191,57678.48
2024-01-31,42242.79232,42245.02,27125.375,57364.664
2024-02-01,41874.31267,42268.016,27148.371,57387.66
2024-02-02,42734.57748,41916.87,26797.227,57036.516
2024-02-03,60577.54056,42701.137,27581.492,57820.78
2024-02-04,70633.62528,58414.855,43295.21,73534.5
2024-02-05,61863.00433,66841.586,51721.94,81961.234
2024-02-06,67530.07019,60663.91,45544.266,75783.555
2024-02-07,62687.54517,65706.87,50587.223,80826.516
2024-02-08,64531.58093,62650.71,47531.066,77770.36
2024-02-09,58488.24236,64781.97,49662.324,79901.62
2024-02-10,63370.83187,58853.902,43734.258,73973.55
2024-02-11,70478.07078,63469.492,48349.848,78589.14
2024-02-12,97435.33708,69839.71,54720.066,84959.36
2024-02-13,49079.54289,93177.984,78058.336,108297.63
2024-02-14,50023.5006,50225.582,35105.938,65345.227
2024-02-15,50916.89845,51942.55,36822.906,67062.195
2024-02-16,51700.11624,52400.613,37280.97,67520.26
2024-02-17,53148.31669,52802.082,37682.438,67921.73
2024-02-18,52966.34856,53456.92,38337.277,68576.57
2024-02-19,53661.86495,52693.67,37574.027,67813.32
2024-02-20,54297.60151,53546.31,38426.664,68665.95
2024-02-21,54648.10169,54182.863,39063.22,69302.51
2024-02-22,55205.10731,54558.918,39439.273,69678.56
2024-02-23,54486.34065,55095.637,39975.992,70215.28
2024-02-24,55675.0868,54469.26,39349.617,69588.91
2024-02-25,56559.16813,55608.297,40488.652,70727.945
2024-02-26,57188.51124,56432.87,41313.227,71552.516
2024-02-27,58583.07133,57045.195,41925.55,72164.84
2024-02-28,58869.48688,58366.0,43246.355,73485.65
2024-02-29,59364.45869,58705.457,43585.812,73825.1
2024-03-01,42148.66006,59236.816,44117.17,74356.46
2024-03-02,43231.55961,43309.832,28190.188,58429.477
2024-03-03,60261.80081,44322.312,29202.668,59441.957
2024-03-04,71263.49391,59724.21,44604.566,74843.86
2024-03-05,62181.66125,69322.36,54202.715,84442.01
2024-03-06,68406.1196,61198.52,46078.875,76318.164
2024-03-07,62901.16987,67007.695,51888.05,82127.34
2024-03-08,63764.16647,62863.72,47744.074,77983.37
2024-03-09,58830.33518,64116.43,48996.785,79236.08
2024-03-10,63270.66077,59201.953,44082.31,74321.6
2024-03-11,70497.70094,63385.656,48266.01,78505.305
2024-03-12,96943.39417,69851.086,54731.44,84970.734
2024-03-13,63724.53008,92763.13,77643.484,107882.78
2024-03-14,64632.89343,63826.426,48706.78,78946.07
2024-03-15,65447.71939,65527.535,50407.89,80647.18
2024-03-16,65489.17335,66272.07,51152.426,81391.72
2024-03-17,66135.19924,66308.76,51189.113,81428.41
2024-03-18,66632.26459,65804.31,50684.668,80923.96
2024-03-19,66661.98963,66441.12,51321.473,81560.766
2024-03-20,66620.24526,66597.914,51478.27,81717.56
2024-03-21,67600.27667,66581.74,51462.098,81701.39
2024-03-22,67308.51651,67519.086,52399.44,82638.734
2024-03-23,66849.14628,67262.44,52142.793,82382.086
2024-03-24,68250.03296,66855.66,51736.01,81975.305
2024-03-25,69406.29157,68166.75,53047.105,83286.4
2024-03-26,69782.93754,69253.9,54134.254,84373.55
2024-03-27,69614.6249,69618.945,54499.3,84738.59
2024-03-28,69314.10487,69508.48,54388.832,84628.125
2024-03-29,69379.62499,69306.41,54186.76,84426.055
2024-03-30,69653.8233,69400.195,54280.55,84519.84
2024-03-31,69974.857,69646.73,54527.082,84766.375
2024-04-01,42118.43847,69931.07,54811.426,85050.72
2024-04-02,43327.09529,44077.215,28957.57,59196.86
2024-04-03,60402.32151,45141.504,30021.86,60261.15
2024-04-04,70929.7605,60328.863,45209.22,75448.51
2024-04-05,62107.18253,69559.9,54440.254,84679.55
2024-04-06,67995.19941,62004.543,46884.9,77124.19
2024-04-07,63046.79513,66644.62,51524.973,81764.266
2024-04-08,63618.43533,62993.297,47873.652,78112.945
2024-04-09,58874.37759,63959.637,48839.992,79079.28
2024-04-10,63750.52166,59235.42,44115.777,74355.07
2024-04-11,72053.50241,63820.3,48700.656,78939.945
2024-04-12,96186.6235,71299.88,56180.24,86419.53
2024-04-13,68518.81425,92184.695,77065.05,107304.34
2024-04-14,67551.0805,68324.03,53204.387,83443.68
2024-04-15,67704.70354,68279.07,53159.426,83398.72
2024-04-16,66805.86492,68517.18,53397.535,83636.83
2024-04-17,66005.99522,67687.07,52567.426,82806.72
2024-04-18,65791.56293,66031.77,50912.13,81151.42
2024-04-19,64587.29952,65812.055,50692.41,80931.7
2024-04-20,64930.70873,64737.684,49618.04,79857.33
2024-04-21,64490.05984,65006.582,49886.938,80126.23
2024-04-22,64150.52167,64544.207,49424.562,79663.85
2024-04-23,64004.75642,64208.4,49088.754,79328.05
2024-04-24,63456.83687,64037.75,48918.105,79157.4
2024-04-25,63353.14309,63525.145,48405.5,78644.79
2024-04-26,63370.54696,63405.875,48286.23,78525.52
2024-04-27,62998.83024,63396.004,48276.36,78515.65
2024-04-28,62251.47159,63034.48,47914.836,78154.125
2024-04-29,61225.87673,62323.777,47204.133,77443.42
2024-04-30,60874.79043,61360.527,46240.883,76480.17
2024-05-01,42656.72539,61007.74,45888.094,76127.38
2024-05-02,43912.39603,44046.336,28926.691,59165.98
2024-05-03,60615.24686,45111.26,29991.617,60230.906
2024-05-04,70249.36899,60139.023,45019.38,75258.67
2024-05-05,62091.87974,68657.195,53537.55,83776.84
2024-05-06,66735.65175,61196.453,46076.81,76316.1
2024-05-07,62628.50647,65600.81,50481.168,80720.46
2024-05-08,64109.23539,62650.98,47531.336,77770.625
2024-05-09,59276.3333,64361.277,49241.633,79480.92
2024-05-10,63923.1047,59572.715,44453.07,74692.36
2024-05-11,72597.90308,63950.215,48830.57,79069.86
2024-05-12,96948.32068,71818.79,56699.145,86938.44
2024-05-13,62138.44139,92787.59,77667.945,107907.24
2024-05-14,62835.92119,62432.45,47312.805,77552.09
2024-05-15,62830.86947,63918.707,48799.062,79038.35
2024-05-16,63825.56631,63856.36,48736.715,78976.01
2024-05-17,63293.79847,64669.684,49550.04,79789.33
2024-05-18,63137.99419,63003.594,47883.95,78123.24
2024-05-19,63542.08973,63045.504,47925.86,78165.15
2024-05-20,64239.305,63522.316,48402.67,78641.96
2024-05-21,64673.34571,64181.246,49061.6,79300.89
2024-05-22,65080.66447,64573.82,49454.176,79693.47
2024-05-23,65654.51033,64973.695,49854.05,80093.34
2024-05-24,65679.92823,65547.05,50427.402,80666.695
2024-05-25,65970.48803,65610.74,50491.098,80730.39
2024-05-26,66621.35602,65912.48,50792.832,81032.125
2024-05-27,66240.50008,66539.016,51419.37,81658.664
2024-05-28,66142.16173,66208.72,51089.074,81328.37
2024-05-29,66671.27551,66136.45,51016.81,81256.1
2024-05-30,67209.03066,66639.15,51519.504,81758.8
2024-05-31,67262.51074,67146.25,52026.605,82265.9
2024-06-01,42706.14618,67194.18,52074.535,82313.83
2024-06-02,45209.52309,44424.94,29305.297,59544.586
2024-06-03,61120.83789,46712.215,31592.57,61831.86
2024-06-04,69975.68199,60902.668,45783.023,76022.31
2024-06-05,62051.24296,68673.8,53554.152,83793.445
2024-06-06,67055.53134,61586.1,46466.457,76705.75
2024-06-07,62743.40945,65944.59,50824.95,81064.24
2024-06-08,64741.00346,62804.82,47685.176,77924.47
2024-06-09,59461.85736,64941.76,49822.117,80061.41
2024-06-10,63909.21009,59754.934,44635.29,74874.58
2024-06-11,75533.21216,63965.785,48846.14,79085.43
2024-06-12,95966.25726,74563.984,59444.34,89683.63
2024-06-13,65912.06675,92102.1,76982.45,107221.75
2024-06-14,65477.32653,66006.25,50886.605,81125.9
2024-06-15,65047.5599,66419.3,51299.652,81538.945
2024-06-16,65456.62511,66073.984,50954.34,81193.63
2024-06-17,64795.68461,66300.35,51180.707,81420.0
2024-06-18,65158.87296,64710.637,49590.992,79830.28
2024-06-19,64401.40712,65079.637,49959.992,80199.28
2024-06-20,64982.7059,64442.24,49322.594,79561.88
2024-06-21,64680.68734,64988.082,49868.438,80107.73
2024-06-22,64942.58278,64679.96,49560.316,79799.61
2024-06-23,64563.88127,64930.91,49811.266,80050.555
2024-06-24,64235.99892,64564.785,49445.14,79684.43
2024-06-25,64020.26632,64277.207,49157.562,79396.85
2024-06-26,63519.42161,64064.24,48944.594,79183.88
2024-06-27,62932.28597,63589.246,48469.6,78708.89
2024-06-28,62372.92847,63019.535,47899.89,78139.18
2024-06-29,62759.53469,62473.008,47353.363,77592.66
2024-06-30,62401.13881,62800.8,47681.156,77920.445
2024-07-01,42355.77683,62429.8,47310.156,77549.445
2024-07-02,45144.34575,43807.0,28687.355,58926.645
2024-07-03,61415.82839,46328.63,31208.984,61448.273
2024-07-04,69094.68183,60955.617,45835.973,76075.266
2024-07-05,62636.33864,67735.87,52616.223,82855.516
2024-07-06,66723.21352,61744.152,46624.508,76863.8
2024-07-07,62703.97941,65625.51,50505.863,80745.16
2024-07-08,64814.538,62782.645,47663.0,77902.29
2024-07-09,60443.87809,64988.97,49869.324,80108.62
2024-07-10,65050.44615,60677.004,45557.36,75796.65
2024-07-11,75783.18454,65019.496,49899.85,80139.14
2024-07-12,95386.49052,74823.04,59703.395,89942.69
2024-07-13,63838.58712,91685.414,76565.766,106805.06
2024-07-14,63689.23459,64139.715,49020.07,79259.36
2024-07-15,63415.88843,64774.617,49654.973,79894.266
2024-07-16,63106.17751,64491.855,49372.21,79611.5
2024-07-17,63495.10847,64004.035,48884.39,79123.68
2024-07-18,63675.84171,63338.91,48219.266,78458.555
2024-07-19,63229.12405,63563.598,48443.953,78683.24
2024-07-20,63457.5772,63231.24,48111.594,78350.88
2024-07-21,64241.62924,63447.676,48328.03,78567.32
2024-07-22,64342.8617,64182.004,49062.36,79301.65
2024-07-23,64218.87086,64278.332,49158.688,79397.98
2024-07-24,64104.16055,64173.34,49053.695,79292.984
2024-07-25,64177.46817,64094.066,48974.42,79213.71
2024-07-26,63933.47306,64183.83,49064.184,79303.48
2024-07-27,64104.64184,63951.605,48831.96,79071.25
2024-07-28,64545.98493,64103.01,48983.367,79222.66
2024-07-29,64720.90594,64505.645,49386.0,79625.29
2024-07-30,64697.73855,64670.715,49551.07,79790.36
2024-07-31,64645.42639,64657.387,49537.742,79777.03
2024-08-01,42134.95068,64628.41,49508.766,79748.055
2024-08-02,46160.64552,43752.066,28632.422,58871.71
2024-08-03,62237.96165,47429.152,32309.508,62548.797
2024-08-04,69346.42736,61809.023,46689.38,76928.67
2024-08-05,62511.42432,68042.5,52922.855,83162.15
2024-08-06,66376.03659,61747.29,46627.645,76866.94
2024-08-07,63469.92301,65405.45,50285.805,80525.09
2024-08-08,63828.15498,63504.67,48385.027,78624.32
2024-08-09,60511.62381,64065.902,48946.258,79185.55
2024-08-10,64167.50902,60741.484,45621.84,75861.13
2024-08-11,75184.33151,64183.13,49063.484,79302.77
2024-08-12,95095.75623,74267.79,59148.145,89387.44
2024-08-13,62357.95457,91362.805,76243.16,106482.45
2024-08-14,61835.5429,62733.566,47613.92,77853.21
2024-08-15,61377.66739,63007.06,47887.414,78126.7
2024-08-16,61975.88879,62538.33,47418.684,77657.98
2024-08-17,62414.02586,62867.395,47747.75,77987.04
2024-08-18,63069.36577,62171.188,47051.543,77290.836
2024-08-19,62486.16108,62877.69,47758.047,77997.336
2024-08-20,61838.83113,62440.684,47321.04,77560.33
2024-08-21,60500.69143,61884.125,46764.48,77003.77
2024-08-22,60933.40201,60652.59,45532.945,75772.234
2024-08-23,60673.29511,61037.332,45917.688,76156.98
2024-08-24,60985.79055,60729.95,45610.305,75849.59
2024-08-25,61059.70182,60981.637,45861.992,76101.28
2024-08-26,61010.28747,61020.082,45900.438,76139.73
2024-08-27,60524.81957,60994.848,45875.203,76114.49
2024-08-28,60120.8692,60547.73,45428.086,75667.375
2024-08-29,59634.94211,60180.566,45060.92,75300.21
2024-08-30,59887.65905,59717.3,44597.656,74836.945
2024-08-31,59574.79894,59927.332,44807.688,75046.98
2024-09-01,42156.7686,59602.895,44483.25,74722.54
2024-09-02,46503.72175,43421.76,28302.117,58541.406
2024-09-03,63451.32956,47396.336,32276.691,62515.98
2024-09-04,69520.58651,62715.535,47595.89,77835.18
2024-09-05,62698.69705,68053.73,52934.082,83173.375
2024-09-06,66692.78294,61801.42,46681.777,76921.07
2024-09-07,63202.18905,65732.45,50612.81,80852.1
2024-09-08,63896.34822,63335.066,48215.42,78454.71
2024-09-09,60298.10686,64140.293,49020.65,79259.94
2024-09-10,63906.10412,60545.465,45425.82,75665.11
2024-09-11,75831.97104,63943.535,48823.89,79063.18
2024-09-12,95792.94786,74855.29,59735.645,89974.94
2024-09-13,60752.48264,91923.36,76803.71,107043.01
2024-09-14,60846.41634,61249.75,46130.105,76369.4
2024-09-15,60815.8067,62109.3,46989.656,77228.945
2024-09-16,60454.39671,62010.574,46890.93,77130.22
2024-09-17,61137.7945,61412.137,46292.492,76531.78
2024-09-18,61056.54024,60851.035,45731.39,75970.68
2024-09-19,60981.87009,60931.824,45812.18,76051.47
2024-09-20,61242.86867,60965.74,45846.094,76085.38
2024-09-21,60939.25738,61210.62,46090.977,76330.266
2024-09-22,61158.41198,60946.676,45827.03,76066.32
2024-09-23,60984.12668,61150.312,46030.668,76269.96
2024-09-24,61130.92759,60983.86,45864.215,76103.51
2024-09-25,62338.60587,61126.098,46006.453,76245.74
2024-09-26,61612.17639,62238.68,47119.035,77358.33
2024-09-27,61410.45461,61573.95,46454.305,76693.59
2024-09-28,62058.86651,61412.633,46292.99,76532.28
2024-09-29,62770.17381,62027.355,46907.71,77147.0
2024-09-30,63126.15005,62702.484,47582.84,77822.13
2024-10-01,42032.01418,63020.902,47901.258,78140.55
2024-10-02,47303.84615,43469.41,28349.766,58589.055
2024-10-03,63569.17348,48351.36,33231.715,63471.004
2024-10-04,68413.90183,62973.805,47854.16,78093.45
2024-10-05,62127.82518,67176.695,52057.05,82296.34
2024-10-06,66403.60217,61265.91,46146.266,76385.555
2024-10-07,63283.93655,65475.52,50355.875,80595.164
2024-10-08,63446.17904,63404.082,48284.438,78523.73
2024-10-09,60814.01829,63668.77,48549.125,78788.414
2024-10-10,64077.75026,61005.77,45886.125,76125.414
2024-10-11,77845.0777,64091.81,48972.164,79211.45
2024-10-12,96077.22617,76597.2,61477.56,91716.85
2024-10-13,65395.40037,92158.164,77038.516,107277.81
2024-10-14,65479.22423,65628.58,50508.934,80748.23
2024-10-15,65300.04376,66477.84,51358.2,81597.49
2024-10-16,65723.86042,66359.79,51240.145,81479.44
2024-10-17,66381.79237,66532.42,51412.777,81652.07
2024-10-18,66456.66296,66168.21,51048.566,81287.86
2024-10-19,66344.48396,66302.055,51182.41,81421.7
2024-10-20,66783.57767,66302.37,51182.723,81422.016
2024-10-21,66303.3891,66738.586,51618.94,81858.234
2024-10-22,67152.67005,66310.836,51191.19,81430.484
2024-10-23,67526.47783,67104.72,51985.074,82224.37
2024-10-24,67575.60611,67446.78,52327.137,82566.43
2024-10-25,67479.32427,67516.04,52396.395,82635.69
2024-10-26,68179.23456,67440.055,52320.41,82559.7
2024-10-27,67802.60231,68123.56,53003.918,83243.21
2024-10-28,67692.47682,67783.73,52664.082,82903.375
2024-10-29,68575.24868,67693.22,52573.574,82812.87
2024-10-30,68935.81221,68514.78,53395.137,83634.43
2024-10-31,68788.56503,68860.805,53741.16,83980.45
2024-11-01,42057.6871,68731.34,53611.7,83850.99
2024-11-02,47825.97201,43946.48,28826.836,59066.125
2024-11-03,63679.60533,49259.363,34139.72,64379.008
2024-11-04,67703.83616,63341.33,48221.684,78460.98
2024-11-05,62287.25549,66653.85,51534.207,81773.5
2024-11-06,67142.04383,61747.555,46627.91,76867.2
2024-11-07,64189.23518,66107.695,50988.05,81227.34
2024-11-08,63241.69872,64228.434,49108.79,79348.08
2024-11-09,60886.677,63480.957,48361.312,78600.6
2024-11-10,64681.49089,61117.887,45998.242,76237.53
2024-11-11,77698.3067,64690.043,49570.4,79809.69
2024-11-12,95956.10024,76552.57,61432.926,91672.22
2024-11-13,79321.23119,92147.74,77028.09,107267.39
2024-11-14,80137.47715,78563.17,63443.527,93682.82
2024-11-15,81183.19819,80130.99,65011.348,95250.64
2024-11-16,82079.17582,81460.695,66341.05,96580.34
2024-11-17,82290.40994,82418.805,67299.16,97538.45
2024-11-18,84391.66027,82089.64,66969.99,97209.29
2024-11-19,84033.45993,84115.15,68995.5,99234.8
2024-11-20,85096.27689,83886.14,68766.49,99005.79
2024-11-21,86873.94664,84947.29,69827.64,100066.94
2024-11-22,86785.61444,86638.4,71518.75,101758.05
2024-11-23,89256.25946,86635.78,71516.13,101755.43
2024-11-24,88969.83792,88977.79,73858.14,104097.44
2024-11-25,90373.20805,88781.92,73662.27,103901.57
2024-11-26,89932.7012,90189.92,75070.27,105309.57
2024-11-27,90618.70087,89821.67,74702.02,104941.32
2024-11-28,92672.68455,90550.79,75431.14,105670.44
2024-11-29,93063.37891,92463.32,77343.67,107582.97
2024-11-30,95137.86543,92872.49,77752.84,107992.14
2024-12-01,42060.68752,94847.805,79728.16,109967.45
2024-12-02,47918.28395,45664.51,30544.867,60784.156
2024-12-03,64431.66669,51075.246,35955.6,66194.89
2024-12-04,67866.12041,65171.816,50052.17,80291.46
2024-12-05,62574.1325,68050.32,52930.676,83169.97
2024-12-06,66102.39095,61936.05,46816.406,77055.695
2024-12-07,63776.78129,65238.887,50119.242,80358.53
2024-12-08,62703.48756,63899.516,48779.87,79019.164
2024-12-09,60604.23492,62963.22,47843.574,78082.87
2024-12-10,65080.03604,60826.562,45706.918,75946.21
2024-12-11,78218.32301,65005.793,49886.15,80125.44
2024-12-12,95847.5384,76922.62,61802.973,92042.266
2024-12-13,95276.76155,91992.55,76872.9,107112.195
2024-12-14,95228.44168,92161.96,77042.31,107281.61
2024-12-15,94745.32453,93125.11,78005.46,108244.76
2024-12-16,95915.55855,93835.95,78716.305,108955.6
2024-12-17,95671.43813,96015.695,80896.05,111135.34
2024-12-18,95672.9674,95667.47,80547.82,110787.12
2024-12-19,94735.05434,95638.195,80518.55,110757.84
2024-12-20,94066.01364,94775.9,79656.25,109895.55
2024-12-21,94196.4618,94182.125,79062.48,109301.77
2024-12-22,93206.80374,94268.97,79149.32,109388.62
2024-12-23,93354.57987,93311.18,78191.53,108430.83
2024-12-24,92395.61019,93407.836,78288.19,108527.484
2024-12-25,93546.73113,92481.11,77361.46,107600.76
2024-12-26,93592.99495,93536.93,78417.28,108656.58
2024-12-27,93191.19374,93536.07,78416.42,108655.72
2024-12-28,92949.76513,93177.1,78057.45,108296.75
2024-12-29,93861.24857,92953.73,77834.08,108073.375
2024-12-30,93229.9143,93825.9,78706.25,108945.55
2024-12-31,93427.92145,93227.58,78107.93,108347.23
2025-01-01,94710.73426,93411.72,78292.07,108531.37
2025-01-02,102568.8053,94602.195,79482.55,109721.84
2025-01-03,82986.64448,101917.38,86797.734,117037.03
2025-01-04,82165.84907,83779.36,68659.71,98899.01
2025-01-05,94387.17967,83190.57,68070.92,98310.22
2025-01-06,103251.7713,94267.01,79147.36,109386.66
2025-01-07,107572.8597,102288.19,87168.54,117407.836
2025-01-08,116417.8221,106014.086,90894.44,121133.734
2025-01-09,107986.0883,113977.03,98857.38,129096.68
2025-01-10,114604.4965,107651.93,92532.28,122771.58
2025-01-11,108759.7389,114297.62,99177.97,129417.266
2025-01-12,88767.56574,108942.62,93822.97,124062.266
2025-01-13,95870.49044,90557.82,75438.17,105677.47
2025-01-14,95817.01651,96819.99,81700.34,111939.64
2025-01-15,96229.2843,96364.12,81244.47,111483.766
2025-01-16,96712.21317,96306.914,81187.266,111426.56
2025-01-17,96888.3986,96345.88,81226.234,111465.53
2025-01-18,97138.01475,96805.59,81685.945,111925.24
2025-01-19,97769.60265,97087.96,81968.31,112207.61
2025-01-20,98622.23211,97682.36,82562.71,112802.01
2025-01-21,98957.00949,98497.93,83378.28,113617.58
2025-01-22,99205.39706,98834.164,83714.516,113953.81
2025-01-23,99414.77491,99105.695,83986.05,114225.34
2025-01-24,99016.01155,99344.586,84224.94,114464.234
2025-01-25,98458.38214,99010.055,83890.41,114129.7
2025-01-26,99047.70315,98507.03,83387.38,113626.68
2025-01-27,99248.34035,99051.05,83931.4,114170.695
2025-01-28,100078.8646,99220.54,84100.89,114340.19
2025-01-29,99893.42516,99981.05,84861.4,115100.695
2025-01-30,100388.3197,99814.125,84694.48,114933.77
2025-01-31,101855.7517,100317.45,85197.805,115437.1
2025-02-01,94921.38054,101700.016,86580.37,116819.664
2025-02-02,102187.019,95297.38,80177.734,110417.03
2025-02-03,82947.81782,102060.27,86940.625,117179.92
2025-02-04,82896.85035,84099.875,68980.23,99219.52
2025-02-05,94824.35981,84063.64,68943.99,99183.29
2025-02-06,103858.5633,94623.086,79503.44,109742.734
2025-02-07,107314.4162,102834.79,87715.14,117954.44
2025-02-08,116055.7525,105802.46,90682.81,120922.11
2025-02-09,108016.7018,113740.17,98620.52,128859.82
2025-02-10,114698.7895,107696.73,92577.08,122816.375
2025-02-11,108869.8984,114384.4,99264.75,129504.05
2025-02-12,88584.88709,109027.13,93907.484,124146.78
2025-02-13,95848.65769,90380.46,75260.81,105500.11
2025-02-14,95010.50609,96806.836,81687.19,111926.484
2025-02-15,94062.27663,95617.12,80497.47,110736.766
2025-02-16,92730.24823,94291.65,79172.0,109411.3
2025-02-17,91511.36023,92618.38,77498.734,107738.03
2025-02-18,91141.25679,91733.24,76613.59,106852.89
2025-02-19,90938.86936,91339.92,76220.27,106459.57
2025-02-20,91340.52489,91047.5,75927.85,106167.15
2025-02-21,91381.34743,91351.02,76231.375,106470.67
2025-02-22,90521.98874,91349.164,76229.516,106468.81
2025-02-23,90073.95894,90554.19,75434.54,105673.836
2025-02-24,89146.94545,90144.87,75025.22,105264.516
2025-02-25,88943.83994,89276.4,74156.75,104396.05
2025-02-26,88965.88878,89055.62,73935.97,104175.266
2025-02-27,88372.49251,89017.2,73897.555,104136.85
2025-02-28,87037.49652,88430.875,73311.23,103550.52
2025-03-01,95816.21592,87163.71,72044.06,102283.36
2025-03-02,101817.6699,95292.36,80172.71,110412.01
2025-03-03,83690.86664,100843.98,85724.33,115963.625
2025-03-04,81843.13829,84204.164,69084.516,99323.81
2025-03-05,95725.20342,82747.164,67627.516,97866.81
2025-03-06,104056.7494,95574.78,80455.13,110694.43
2025-03-07,107175.845,103039.14,87919.49,118158.79
2025-03-08,117095.1739,105692.76,90573.11,120812.41
2025-03-09,108768.9647,114613.85,99494.2,129733.5
2025-03-10,114802.8684,108425.945,93306.3,123545.59
2025-03-11,106772.4736,114510.74,99391.09,129630.39
2025-03-12,88629.48415,107115.28,91995.63,122234.93
2025-03-13,82885.51884,90465.12,75345.47,105584.766
2025-03-14,83439.25363,84745.21,69625.56,99864.86
2025-03-15,84031.89404,84794.67,69675.02,99914.32
2025-03-16,83886.10344,84574.055,69454.41,99693.7
2025-03-17,84777.53699,83819.18,68699.53,98938.83
2025-03-18,84449.77738,84592.77,69473.125,99712.42
2025-03-19,84250.14845,84385.6,69265.95,99505.25
2025-03-20,84001.33715,84248.67,69129.02,99368.32
2025-03-21,83352.14878,84021.47,68901.82,99141.12
2025-03-22,83331.79061,83430.35,68310.7,98550.0
2025-03-23,82805.55559,83387.23,68267.58,98506.875
2025-03-24,82620.57954,82870.36,67750.71,97990.01
2025-03-25,82753.81058,82676.74,67557.09,97796.39
2025-03-26,83655.70443,82769.51,67649.86,97889.16
2025-03-27,84213.99618,83592.945,68473.3,98712.59
2025-03-28,84467.94036,84099.49,68979.84,99219.14
2025-03-29,84504.31484,84358.21,69238.56,99477.86
2025-03-30,84288.71299,84432.3,69312.65,99551.945
2025-03-31,84659.21655,84276.71,69157.06,99396.36
2025-04-01,94225.91157,84639.06,69519.414,99758.71
2025-04-02,101681.1172,93517.44,78397.79,108637.086
2025-04-03,84368.09415,100458.84,85339.195,115578.49
2025-04-04,83278.90709,84651.414,69531.766,99771.06
2025-04-05,96131.41127,84000.94,68881.29,99120.586
2025-04-06,103766.6577,95943.04,80823.39,111062.69
2025-04-07,107679.4717,102829.16,87709.51,117948.805
2025-04-08,115654.1683,106225.52,91105.875,121345.17
2025-04-09,108520.4935,113490.28,98370.63,128609.93
2025-04-10,115499.3542,108202.12,93082.47,123321.766
2025-04-11,108763.3884,115119.055,99999.41,130238.7
2025-04-12,88879.09391,108940.87,93821.22,124060.516
2025-04-13,88419.50675,90671.59,75551.945,105791.24
2025-04-14,88525.16134,89942.57,74822.92,105062.22
2025-04-15,87511.34345,89605.05,74485.4,104724.695
2025-04-16,86904.20831,88012.57,72892.92,103132.22
2025-04-17,87215.37694,86875.875,71756.23,101995.52
2025-04-18,87642.51246,87213.36,72093.71,102333.01
2025-04-19,88244.75548,87632.22,72512.57,102751.87
2025-04-20,88404.52375,88158.35,73038.7,103278.0
2025-04-21,88811.77989,88311.46,73191.81,103431.11
2025-04-22,90188.84564,88727.805,73608.16,103847.45
2025-04-23,89914.70033,90037.1,74917.45,105156.75
2025-04-24,90220.89313,89814.73,74695.08,104934.375
2025-04-25,89660.69966,90142.195,75022.55,105261.84
2025-04-26,90151.43062,89656.62,74536.97,104776.266
2025-04-27,91109.23888,90149.305,75029.66,105268.95
2025-04-28,91459.5206,91019.19,75899.54,106138.836
2025-04-29,91985.21258,91352.18,76232.53,106471.83
2025-04-30,93220.19919,91859.086,76739.44,106978.734
2025-05-01,95325.69421,93051.7,77932.055,108171.35
2025-05-02,99833.0437,95056.96,79937.31,110176.61
2025-05-03,84526.62839,99293.195,84173.55,114412.84
2025-05-04,83041.63496,85189.36,70069.71,100309.01
2025-05-05,97157.10102,83959.445,68839.8,99079.09
2025-05-06,104036.9925,96838.15,81718.5,111957.8
2025-05-07,107735.085,103000.734,87881.086,118120.38
2025-05-08,116389.4129,106305.32,91185.67,121424.97
2025-05-09,108878.9158,114142.11,99022.46,129261.76
2025-05-10,115928.8514,108573.74,93454.09,123693.39
2025-05-11,109526.3428,115542.68,100423.03,130662.33
2025-05-12,89353.97956,109673.164,94553.516,124792.81
2025-05-13,97386.5337,91152.88,76033.234,106272.53
2025-05-14,96984.58286,98302.01,83182.36,113421.66
2025-05-15,98196.47024,97518.055,82398.41,112637.7
2025-05-16,99887.27642,98200.805,83081.16,113320.45
2025-05-17,99886.97809,99370.836,84251.19,114490.484
2025-05-18,99428.72889,99710.305,84590.66,114829.95
2025-05-19,99656.5603,99369.97,84250.32,114489.62
2025-05-20,99832.40443,99631.87,84512.22,114751.516
2025-05-21,99938.42718,99829.67,84710.02,114949.32
2025-05-22,100095.2732,99914.8,84795.15,115034.445
2025-05-23,100418.3198,100052.34,84932.695,115171.99
2025-05-24,102262.54,100367.15,85247.5,115486.8
2025-05-25,101627.5308,102091.35,86971.7,117211.0
2025-05-26,103508.6363,101520.12,86400.47,116639.766
2025-05-27,104460.1337,103320.1,88200.45,118439.75
2025-05-28,104286.1083,104242.38,89122.734,119362.03
2025-05-29,104208.3201,104166.11,89046.46,119285.76
2025-05-30,103766.8227,104133.49,89013.84,119253.14
2025-05-31,102997.6502,103791.24,88671.59,118910.89
2025-06-01,94771.36785,103092.87,87973.22,118212.516
2025-06-02,100406.2812,95430.07,80310.42,110549.72
2025-06-03,84770.09259,100604.96,85485.31,115724.61
2025-06-04,84692.79415,85878.36,70758.71,100998.01
2025-06-05,96408.10775,85697.87,70578.22,100817.516
2025-06-06,104242.9479,96085.02,80965.375,111204.67
2025-06-07,108007.5645,103226.98,88107.33,118346.625
2025-06-08,116183.2455,106583.94,91464.29,121703.586
2025-06-09,109135.9592,114064.77,98945.125,129184.42
2025-06-10,116239.8777,108795.41,93675.76,123915.055
2025-06-11,109769.8729,115836.98,100717.33,130956.625
2025-06-12,88030.11886,109910.79,94791.14,125030.44
2025-06-13,106017.478,89930.82,74811.17,105050.47
2025-06-14,106237.4902,106329.09,91209.445,121448.74
2025-06-15,105899.2625,106110.664,90991.016,121230.31
2025-06-16,105835.2266,105560.695,90441.05,120680.34
2025-06-17,106245.6146,105291.086,90171.44,120410.734
2025-06-18,105314.0543,106272.195,91152.55,121391.84
2025-06-19,106356.7334,105404.56,90284.914,120524.21
2025-06-20,106344.2638,106318.67,91199.02,121438.32
2025-06-21,106725.0342,106295.08,91175.43,121414.73
2025-06-22,106378.8015,106665.86,91546.21,121785.51
2025-06-23,106830.608,106340.805,91221.16,121460.45
2025-06-24,106638.4352,106799.945,91680.3,121919.59
2025-06-25,106421.485,106621.54,91501.89,121741.19
2025-06-26,107520.486,106430.97,91311.32,121550.62
2025-06-27,107713.7348,107444.69,92325.04,122564.336
2025-06-28,107762.8964,107630.4,92510.75,122750.05
2025-06-29,107472.9929,107692.445,92572.8,122812.09
2025-06-30,107291.7631,107446.03,92326.38,122565.68
2025-07-01,94751.93417,107315.13,92195.484,122434.78
2025-07-02,100858.4515,95672.71,80553.06,110792.36
2025-07-03,84874.4236,101293.41,86173.76,116413.055
2025-07-04,84864.70232,86156.11,71036.46,101275.76
2025-07-05,97207.95098,85968.33,70848.68,101087.98
2025-07-06,105126.5831,96815.23,81695.58,111934.875
2025-07-07,107906.5595,104056.945,88937.3,119176.59
2025-07-08,113771.8069,106517.42,91397.77,121637.07
2025-07-09,110800.5319,112073.04,96953.39,127192.69
2025-07-10,114447.0849,110373.055,95253.41,125492.7
2025-07-11,107573.5289,114138.49,99018.84,129258.14
2025-07-12,88866.59207,107846.13,92726.484,122965.78
2025-07-13,110498.2354,90624.01,75504.36,105743.66
2025-07-14,111907.2118,110452.19,95332.54,125571.836
2025-07-15,112588.6061,111306.01,96186.36,126425.66
2025-07-16,113319.4182,111851.266,96731.62,126970.914
2025-07-17,112801.2692,112529.82,97410.17,127649.47
2025-07-18,112675.1032,112797.375,97677.73,127917.02
2025-07-19,112565.2306,112730.15,97610.5,127849.8
2025-07-20,111469.7939,112586.9,97467.25,127706.55
2025-07-21,112423.5816,111569.9,96450.25,126689.55
2025-07-22,113601.772,112427.57,97307.92,127547.22
2025-07-23,112088.5192,113490.62,98370.97,128610.266
2025-07-24,114920.8841,112086.79,96967.14,127206.44
2025-07-25,113382.3017,114731.05,99611.4,129850.695
2025-07-26,113799.504,113331.305,98211.66,128450.95
2025-07-27,113533.4795,113782.945,98663.3,128902.59
2025-07-28,113307.1328,113513.27,98393.625,128632.92
2025-07-29,113815.8487,113360.836,98241.19,128480.484
2025-07-30,114655.836,113785.945,98666.3,128905.59
2025-07-31,114266.3547,114564.77,99445.125,129684.42
2025-08-01,94602.71349,114208.1,99088.45,129327.75
2025-08-02,101583.1241,95982.195,80862.55,111101.84
2025-08-03,84411.43875,102433.29,87313.64,117552.94
2025-08-04,84920.53319,86049.484,70929.836,101169.13
2025-08-05,97474.49724,86191.01,71071.36,101310.66
2025-08-06,104329.2995,97020.13,81900.484,112139.78
2025-08-07,108471.7974,103310.73,88191.08,118430.375
2025-08-08,113160.3844,107032.39,91912.74,122152.04
2025-08-09,110643.5486,111519.35,96399.7,126639.0
2025-08-10,114302.6318,110230.336,95110.69,125349.984
2025-08-11,106789.5272,113977.96,98858.31,129097.61
2025-08-12,88783.75457,107118.67,91999.02,122238.32
2025-08-13,114453.6202,90520.85,75401.2,105640.5
2025-08-14,113014.5455,114096.71,98977.06,129216.36
2025-08-15,113534.8967,112322.88,97203.234,127442.53
2025-08-16,111959.5953,112805.664,97686.016,127925.31
2025-08-17,111120.7805,111386.42,96266.77,126506.07
2025-08-18,111756.9008,111396.99,96277.34,126516.64
2025-08-19,112384.7589,111879.82,96760.17,126999.47
2025-08-20,111411.391,112357.914,97238.266,127477.56
2025-08-21,109961.1254,111410.266,96290.62,126529.914
2025-08-22,109366.5267,110071.195,94951.55,125190.84
2025-08-23,109591.8009,109531.02,94411.375,124650.67
2025-08-24,111131.0025,109699.42,94579.77,124819.07
2025-08-25,110597.4987,111050.055,95930.41,126169.7
2025-08-26,111225.3968,110511.48,95391.83,125631.125
2025-08-27,110844.1243,111126.01,96006.36,126245.66
2025-08-28,110144.3725,110807.66,95688.01,125927.305
2025-08-29,110050.3685,110205.27,95085.625,125324.92
2025-08-30,108938.9142,110099.87,94980.22,125219.516
2025-08-31,109008.6752,109057.96,93938.31,124177.61
2025-09-01,95230.04798,109090.26,93970.61,124209.91
2025-09-02,100298.4824,96252.78,81133.13,111372.43
2025-09-03,83699.61839,100897.445,85777.8,116017.09
2025-09-04,85350.31795,85141.664,70022.016,100261.31
2025-09-05,97616.41123,86450.6,71330.95,101570.25
2025-09-06,105291.9487,97158.25,82038.6,112277.9
2025-09-07,108404.7641,104174.805,89055.16,119294.45
2025-09-08,114367.2681,106968.18,91848.53,122087.83
2025-09-09,110787.8212,112594.18,97474.53,127713.83
2025-09-10,113162.9248,110391.92,95272.27,125511.57
2025-09-11,105066.4528,112974.26,97854.61,128093.91
2025-09-12,89349.79175,105541.36,90421.71,120661.01
2025-09-13,109436.4039,91048.96,75929.31,106168.61
2025-09-14,109084.7142,109374.4,94254.75,124494.05
2025-09-15,109124.5299,108601.1,93481.45,123720.75
2025-09-16,110702.403,108546.516,93426.87,123666.164
2025-09-17,110977.462,110024.84,94905.195,125144.49
2025-09-18,110088.6178,110925.07,95805.42,126044.72
2025-09-19,110378.8718,110105.29,94985.64,125224.94
2025-09-20,111409.338,110361.57,95241.92,125481.22
2025-09-21,110318.2857,111348.98,96229.33,126468.625
2025-09-22,110620.9207,110328.72,95209.07,125448.37
2025-09-23,110916.9068,110607.71,95488.06,125727.36
2025-09-24,111573.7719,110890.19,95770.54,126009.836
2025-09-25,112271.7346,111514.414,96394.766,126634.06
2025-09-26,112627.6838,112142.586,97022.94,127262.234
2025-09-27,111989.2524,112506.945,97387.3,127626.59
2025-09-28,112578.8448,111957.47,96837.82,127077.12
2025-09-29,112429.547,112544.13,97424.484,127663.78
2025-09-30,112929.9723,112416.4,97296.75,127536.05
2025-10-01,95167.96063,112886.516,97766.87,128006.164
2025-10-02,98762.44082,96390.984,81271.336,111510.63
2025-10-03,83651.06615,99706.23,84586.58,114825.875
2025-10-04,85094.29469,85264.48,70144.83,100384.125
2025-10-05,97690.83833,86266.97,71147.32,101386.62
2025-10-06,105720.1594,97166.49,82046.84,112286.14
2025-10-07,109879.3952,104510.81,89391.164,119630.46
2025-10-08,115013.6129,108338.03,93218.38,123457.68
2025-10-09,110968.481,113167.1,98047.45,128286.75
2025-10-10,112723.2242,110609.98,95490.33,125729.625
2025-10-11,105229.3416,112628.055,97508.41,127747.7
2025-10-12,89010.00369,105750.57,90630.92,120870.22
2025-10-13,113069.7802,90739.61,75619.96,105859.26
2025-10-14,113025.4272,112738.73,97619.08,127858.375
2025-10-15,112742.3722,112248.73,97129.08,127368.375
2025-10-16,112385.1896,112001.48,96881.83,127121.125
2025-10-17,112079.3037,111764.664,96645.016,126884.31
2025-10-18,111275.2661,112232.76,97113.11,127352.41
2025-10-19,112351.4512,111432.43,96312.78,126552.08
2025-10-20,110802.0759,112339.78,97220.13,127459.43
2025-10-21,111070.2884,110869.13,95749.484,125988.78
2025-10-22,111878.0097,111115.43,95995.78,126235.08
2025-10-23,110863.1972,111831.21,96711.56,126950.86
2025-10-24,110553.4691,110897.62,95777.97,126017.266
2025-10-25,111184.2017,110587.57,95467.92,125707.22
2025-10-26,111241.3201,111175.37,96055.72,126295.016
2025-10-27,111922.9529,111226.18,96106.53,126345.83
2025-10-28,111899.5157,111835.04,96715.39,126954.69
2025-10-29,110449.4463,111823.01,96703.36,126942.66
2025-10-30,110987.5439,110516.82,95397.17,125636.47
2025-10-31,110929.989,111027.35,95907.7,126147.0
2025-11-01,95437.70287,110956.99,95837.34,126076.64
2025-11-02,97433.41056,96555.85,81436.2,111675.5
2025-11-03,83719.28515,98334.04,83214.39,113453.69
2025-11-04,86199.35551,85252.445,70132.8,100372.09
2025-11-05,95778.02889,87220.13,72100.484,102339.78
2025-11-06,105096.5322,95384.516,80264.87,110504.164
2025-11-07,110627.1113,103922.055,88802.41,119041.7
2025-11-08,114626.2428,109014.09,93894.445,124133.74
2025-11-09,111344.3799,112847.18,97727.53,127966.83
2025-11-10,111182.4476,110903.68,95784.03,126023.33
2025-11-11,105343.1878,111191.99,96072.34,126311.64
2025-11-12,90455.62004,105881.25,90761.6,121000.9
2025-11-13,102502.7459,92040.586,76920.94,107160.234
2025-11-14,102126.2079,102913.51,87793.86,118033.16
2025-11-15,102111.2471,102098.37,86978.72,117218.016
2025-11-16,101708.8894,101887.48,86767.83,117007.125
2025-11-17,100505.6764,101370.32,86250.67,116489.97
2025-11-18,100535.6375,100653.32,85533.67,115772.97
2025-11-19,100851.9928,100657.07,85537.42,115776.72
2025-11-20,98425.18669,100880.25,85760.6,115999.9
2025-11-21,97514.9102,98592.195,83472.55,113711.84
2025-11-22,96580.68274,97716.36,82596.71,112836.01
2025-11-23,95350.01847,96800.77,81681.125,111920.42
2025-11-24,95225.04994,95591.82,80472.17,110711.47
2025-11-25,95635.82069,95359.12,80239.47,110478.766
2025-11-26,92698.18324,95670.54,80550.89,110790.19
2025-11-27,91651.43365,92897.74,77778.09,108017.39
2025-11-28,91187.83673,91896.18,76776.53,107015.83
2025-11-29,91387.40054,91403.82,76284.17,106523.47
2025-11-30,90386.69938,91512.08,76392.43,106631.73
2025-12-01,95122.76361,90464.414,75344.766,105584.06
2025-12-02,96669.0744,94830.81,79711.164,109950.46
2025-12-03,83761.88497,96257.125,81137.48,111376.77
2025-12-04,87001.52289,84385.195,69265.55,99504.84
2025-12-05,95579.70783,87472.98,72353.33,102592.625
2025-12-06,105090.6441,95300.836,80181.19,110420.484
2025-12-07,110079.1361,103972.164,88852.516,119091.81
2025-12-08,113609.0265,108523.26,93403.61,123642.91
2025-12-09,111063.1832,112016.53,96896.88,127136.18
2025-12-10,112444.8766,110617.99,95498.34,125737.64
2025-12-11,103004.3437,112324.164,97204.516,127443.81
2025-12-12,89151.57009,103669.29,88549.64,118788.94
2025-12-13,88566.66917,90821.4,75701.75,105941.05
2025-12-14,88891.94367,89943.945,74824.3,105063.59
2025-12-15,88381.16017,89733.7,74614.055,104853.35
2025-12-16,88417.11008,88669.836,73550.19,103789.484
2025-12-17,88610.11306,88330.21,73210.56,103449.86
2025-12-18,88709.31638,88560.35,73440.7,103680.0
2025-12-19,88504.10428,88691.61,73571.96,103811.26
2025-12-20,88583.78998,88492.88,73373.234,103612.53
2025-12-21,89041.69872,88574.88,73455.234,103694.53
2025-12-22,89259.78909,89004.07,73884.42,104123.72
2025-12-23,88688.91572,89207.16,74087.51,104326.805
2025-12-24,86649.77564,88684.14,73564.49,103803.79
2025-12-25,87276.49077,86808.305,71688.66,101927.95
2025-12-26,87016.66659,87388.79,72269.14,102508.44
2025-12-27,86795.62796,87091.29,71971.64,102210.94
2025-12-28,87425.79166,86836.87,71717.22,101956.516
2025-12-29,87982.21589,87372.055,72252.41,102491.7
2025-12-30,87939.54466,87905.3,72785.65,103024.945
2025-12-31,87367.47585,87873.68,72754.03,102993.33
2026-01-01,87261.04951,87363.14,72243.49,102482.79
2026-01-02,78995.55861,87293.64,72173.99,102413.29
2026-01-03,66409.93339,79621.49,64501.848,94741.14
2026-01-13,84045.17789,67898.23,52778.582,83017.875
2026-01-14,84574.03594,84010.336,68890.69,99129.984
2026-01-15,85421.60413,84055.836,68936.19,99175.484
2026-01-16,84740.10226,84758.88,69639.234,99878.53
2026-01-17,85451.873,84205.65,69086.0,99325.3
2026-01-18,84350.72758,85464.55,70344.9,100584.195
2026-01-19,84194.25127,84436.68,69317.03,99556.33
2026-01-20,83602.39002,84264.63,69144.984,99384.28
2026-01-21,82802.21358,83680.234,68560.586,98799.88
2026-01-22,83350.38949,82927.82,67808.17,98047.47
2026-01-23,82726.16187,83384.586,68264.94,98504.234
2026-01-24,82205.01852,82771.29,67651.64,97890.94
2026-01-25,81867.0846,82268.086,67148.44,97387.734
2026-01-26,82069.36048,81929.73,66810.08,97049.375
2026-01-27,81869.68279,82109.836,66990.19,97229.484
2026-01-28,81791.17824,81887.72,66768.07,97007.37
2026-01-29,80206.38529,81797.46,66677.81,96917.11
2026-01-30,80248.79563,80319.88,65200.24,95439.53
2026-01-31,78866.27619,80356.96,65237.316,95476.61
2026-02-01,87982.74994,79028.09,63908.45,94147.74
2026-02-02,78290.5992,87448.96,72329.31,102568.61
2026-02-03,66916.699,78400.95,63281.31,93520.6
2026-02-13,74328.34537,68016.836,52897.19,83136.484
2026-02-14,73369.00615,74797.51,59677.863,89917.16
2026-02-15,73590.54757,73697.25,58577.605,88816.9
2026-02-16,73181.28171,73523.48,58403.832,88643.125
2026-02-17,72537.64609,72970.38,57850.74,88090.03
2026-02-18,71656.96857,72632.07,57512.426,87751.72
2026-02-19,70790.10529,71786.71,56667.066,86906.36
2026-02-20,71187.75071,70944.195,55824.55,86063.84
2026-02-21,71252.17274,71265.29,56145.645,86384.94
2026-02-22,71028.67497,71267.76,56148.113,86387.41
2026-02-23,70184.95313,71029.016,55909.37,86148.664
2026-02-24,69686.67112,70235.87,55116.223,85355.516
2026-02-25,69070.86617,69783.805,54664.16,84903.45
2026-02-26,68184.82863,69188.234,54068.59,84307.88
2026-02-27,67933.29974,68325.54,53205.895,83445.19
2026-02-28,68080.67086,68040.1,52920.457,83159.75
2026-03-01,87997.23903,68130.11,53010.465,83249.76
2026-03-02,77685.68785,86123.0,71003.35,101242.65
2026-03-03,67076.55975,77035.17,61915.527,92154.82
2026-03-13,70938.0,67647.45,52527.81,82767.1
2026-03-14,71176.0,71404.27,56284.63,86523.92
2026-03-15,72705.0,71713.84,56594.2,86833.49
2026-03-16,74775.0,72628.9,57509.254,87748.55
2026-03-17,73726.03482,74324.42,59204.777,89444.07
2026-03-18,73830.06436,73573.195,58453.55,88692.84
2026-04-01,87754.87798,73774.38,58654.74,88894.03
2026-04-02,78235.69249,86613.73,71494.08,101733.375
2026-04-03,67648.26734,77986.06,62866.418,93105.71
2026-05-01,87306.78991,68434.96,53315.316,83554.61
2026-05-02,76587.74344,86731.97,71612.32,101851.62
2026-05-03,68496.05973,76764.47,61644.824,91884.12
2026-06-01,86797.55285,69149.664,54030.02,84269.31
2026-06-02,76379.16748,85984.48,70864.83,101104.125
2026-06-03,68351.32359,76549.13,61429.49,91668.78
2026-07-01,87364.96824,68992.83,53873.184,84112.48
2026-07-02,76299.71951,86484.97,71365.32,101604.62
2026-07-03,68568.74951,76455.87,61336.223,91575.516
2026-08-01,87292.22446,69198.47,54078.824,84318.12
2026-08-02,75441.55062,86419.32,71299.67,101538.97
2026-08-03,69038.46695,75679.945,60560.3,90799.59
2026-09-01,86834.04581,69631.42,54511.777,84751.07
2026-09-02,74812.18142,86006.805,70887.16,101126.45
2026-09-03,69327.88428,75084.266,59964.62,90203.914
2026-10-01,86623.29267,69872.875,54753.23,84992.52
2026-10-02,75079.26645,85795.82,70676.17,100915.47
2026-10-03,69419.92645,75312.27,60192.63,90431.92
2026-11-01,85318.06594,69942.69,54823.043,85062.336
2026-11-02,74992.88116,84623.72,69504.07,99743.37
2026-11-03,70197.0,75231.56,60111.918,90351.21
2026-12-01,84739.2666,70641.43,55521.785,85761.08
2026-12-02,75036.08559,84059.62,68939.97,99179.266
2026-12-03,70531.0,75248.89,60129.246,90368.54
